resident_id,exposure_time,risk_score,rank,full_name,city,is_positive,policy_level,alert_label
19124199803114860,0.0,76.91,1,Linda Kunkel,Stalber,1,3,TOP_5_PERCENT_ALERT
40467199710022034,0.0,76.25,2,Kathy Ellis,Mylta,1,3,TOP_5_PERCENT_ALERT
24818194607085939,0.0,76.1,3,Cynthia Halstead,Yasnaya,1,3,TOP_5_PERCENT_ALERT
99344197204249649,0.0,75.35,4,Maria Alamo,Severny,1,3,TOP_5_PERCENT_ALERT
17685201806202729,0.0,74.7,5,Korey Desimone,Mylta,1,3,TOP_5_PERCENT_ALERT
51830195203236922,0.0,74.63,6,Bruce Jones,Lipovka,1,3,TOP_5_PERCENT_ALERT
41535196205308717,0.0,74.56,7,Amparo Mcmanus,Lipovka,1,3,TOP_5_PERCENT_ALERT
74154199612137288,0.0,74.48,8,Bonnie Orr,Lipovka,1,3,TOP_5_PERCENT_ALERT
73867196902268203,0.0,74.47,9,Laura Morataya,Stalber,1,3,TOP_5_PERCENT_ALERT
26695193105049035,0.0,74.14,10,Ann Aponte,Mylta,1,3,TOP_5_PERCENT_ALERT
42884199803229701,0.0,74.1,11,James Williams,Stalber,1,3,TOP_5_PERCENT_ALERT
38489193605278942,0.0,73.96,12,Roxanne Isom,Stalber,1,3,TOP_5_PERCENT_ALERT
44778200901033915,0.0,73.87,13,Margaret Mcfarland,Mylta,1,3,TOP_5_PERCENT_ALERT
18839193611267318,0.0,73.84,14,Debra Coffman,Severny,1,3,TOP_5_PERCENT_ALERT
42788201302172058,0.0,73.79,15,Elsa Shupe,Stalber,1,3,TOP_5_PERCENT_ALERT
88347193108208724,0.0,73.71,16,Kay Bevens,Yasnaya,1,3,TOP_5_PERCENT_ALERT
69817200109282502,0.0,73.67,17,Delores Alexander,Stalber,1,3,TOP_5_PERCENT_ALERT
28972199206259166,0.0,73.66,18,William Palmer,Yasnaya,1,3,TOP_5_PERCENT_ALERT
15992195408178052,0.0,73.62,19,Millie Eldridge,Mylta,1,3,TOP_5_PERCENT_ALERT
68299197811294772,0.0,73.56,20,Paul White,Yasnaya,1,3,TOP_5_PERCENT_ALERT
10945197005066647,0.0,73.53,21,Charles Choate,Lipovka,1,3,TOP_5_PERCENT_ALERT
79644200411206997,0.0,73.52,22,Jacqueline Harper,Lipovka,1,3,TOP_5_PERCENT_ALERT
63920194810296637,0.0,73.47,23,Erik Firman,Mylta,1,3,TOP_5_PERCENT_ALERT
62784197010229193,0.0,73.44,24,Gloria Rivera,Mylta,1,3,TOP_5_PERCENT_ALERT
69704196707073985,0.0,73.3,25,Douglas Mages,Mylta,1,3,TOP_5_PERCENT_ALERT
87170197702183161,0.0,73.3,26,Michael Presha,Yasnaya,1,3,TOP_5_PERCENT_ALERT
84453195909213743,0.0,73.27,27,Frances Bates,Stalber,1,3,TOP_5_PERCENT_ALERT
91944195305066865,0.0,73.26,28,Hiedi Banks,Yasnaya,1,3,TOP_5_PERCENT_ALERT
56316196412056784,0.0,73.24,29,Jessie Waldron,Lipovka,1,3,TOP_5_PERCENT_ALERT
27503198306032522,0.0,73.22,30,Tracy Roberts,Severny,1,3,TOP_5_PERCENT_ALERT
46270199404222747,0.0,73.21,31,Tania Rico,Lipovka,1,3,TOP_5_PERCENT_ALERT
37390196201023047,0.0,73.19,32,Mary Welch,Stalber,1,3,TOP_5_PERCENT_ALERT
90624199810256491,0.0,73.1,33,Patricia Parnell,Mylta,1,3,TOP_5_PERCENT_ALERT
26681193404203472,0.0,73.04,34,Arthur Buffalo,Mylta,1,3,TOP_5_PERCENT_ALERT
35096198911304261,0.0,73.01,35,Laila Beach,Mylta,1,3,TOP_5_PERCENT_ALERT
41928194709087103,0.0,73.01,36,Melony Merz,Severny,1,3,TOP_5_PERCENT_ALERT
72590201401045901,0.0,73.01,37,Geraldine Virgilio,Lipovka,1,3,TOP_5_PERCENT_ALERT
10626198110263659,0.0,73.0,38,Steve Combest,Lipovka,1,3,TOP_5_PERCENT_ALERT
81892196805051635,0.0,72.97,39,Katelyn Smiechowski,Lipovka,1,3,TOP_5_PERCENT_ALERT
59831194002176260,0.0,72.92,40,Harry Lubinski,Mylta,1,3,TOP_5_PERCENT_ALERT
87379201712214146,0.0,72.87,41,Theresa Laundree,Severny,1,3,TOP_5_PERCENT_ALERT
40034195501263459,0.0,72.77,42,Daniel Wood,Severny,1,3,TOP_5_PERCENT_ALERT
86457201311024945,0.0,72.77,43,Bell Lermon,Lipovka,1,3,TOP_5_PERCENT_ALERT
36659197212096511,0.0,72.75,44,Matthew Jonson,Lipovka,1,3,TOP_5_PERCENT_ALERT
44061194507157926,0.0,72.75,45,William Zevallos,Mylta,1,3,TOP_5_PERCENT_ALERT
54530194005221536,0.0,72.74,46,Maria Spencer,Stalber,1,3,TOP_5_PERCENT_ALERT
57750197403125350,0.0,72.73,47,Armanda Murray,Stalber,1,3,TOP_5_PERCENT_ALERT
99151198502286845,0.0,72.73,48,Isabelle Arrington,Lipovka,1,3,TOP_5_PERCENT_ALERT
76917195907137798,0.0,72.7,49,Amy Peterson,Mylta,1,3,TOP_5_PERCENT_ALERT
81589194509068577,0.0,72.67,50,Michael Hunte,Lipovka,1,3,TOP_5_PERCENT_ALERT
23523200903076246,0.0,72.56,51,James Shoup,Yasnaya,1,3,TOP_5_PERCENT_ALERT
69735201110211718,0.0,72.55,52,Joseph Monopoli,Lipovka,1,3,TOP_5_PERCENT_ALERT
46829195001029131,0.0,72.51,53,Lisa Steger,Stalber,1,3,TOP_5_PERCENT_ALERT
64249201907174620,0.0,72.48,54,Carlos Mixon,Yasnaya,1,3,TOP_5_PERCENT_ALERT
65410197706297895,0.0,72.48,55,Johnny Meeler,Yasnaya,1,3,TOP_5_PERCENT_ALERT
97673196701098507,0.0,72.47,56,Chris Hanson,Mylta,1,3,TOP_5_PERCENT_ALERT
68639200501035974,0.0,72.41,57,Bruce Wetenkamp,Yasnaya,1,3,TOP_5_PERCENT_ALERT
46471195209236661,0.0,72.35,58,Patrick Tee,Severny,1,3,TOP_5_PERCENT_ALERT
83014195910134073,0.0,72.35,59,Lisa Morris,Stalber,1,3,TOP_5_PERCENT_ALERT
42118195103211898,0.0,72.31,60,Paul Hensler,Yasnaya,1,3,TOP_5_PERCENT_ALERT
56575197710121412,0.0,72.3,61,Michelle Young,Mylta,1,3,TOP_5_PERCENT_ALERT
90593194901047995,0.0,72.29,62,Roberto Dunlap,Mylta,1,3,TOP_5_PERCENT_ALERT
30488197909156054,0.0,72.27,63,Margaret Ghaemmaghami,Stalber,1,3,TOP_5_PERCENT_ALERT
17288196412216439,0.0,72.19,64,Alexandra Baker,Lipovka,1,3,TOP_5_PERCENT_ALERT
58397201505186254,0.0,72.16,65,Kenneth Stenn,Yasnaya,1,3,TOP_5_PERCENT_ALERT
39186198008048465,0.0,72.0,66,Kenneth Arwood,Mylta,1,3,TOP_5_PERCENT_ALERT
78710193608021448,0.0,71.97,67,Andrew Bates,Lipovka,1,3,TOP_5_PERCENT_ALERT
66598195903112640,0.0,71.95,68,May Mclaren,Lipovka,1,3,TOP_5_PERCENT_ALERT
24645199107198610,0.0,71.9,69,Joseph Martinez,Mylta,1,3,TOP_5_PERCENT_ALERT
66761201312282898,0.0,71.87,70,Bernard Gilmore,Stalber,1,3,TOP_5_PERCENT_ALERT
80537198805074573,0.0,71.83,71,Katie Galan,Mylta,1,3,TOP_5_PERCENT_ALERT
29502193510286985,0.0,71.66,72,Sydney Kean,Mylta,1,3,TOP_5_PERCENT_ALERT
48294193602162532,0.0,71.65,73,Stephanie Hayden,Yasnaya,1,3,TOP_5_PERCENT_ALERT
53988200808186306,0.0,71.64,74,Jennifer Nance,Yasnaya,1,3,TOP_5_PERCENT_ALERT
88910198306034897,0.0,71.51,75,Donny Pickering,Mylta,1,3,TOP_5_PERCENT_ALERT
27088201904216749,0.0,71.48,76,Jennifer Minter,Yasnaya,1,3,TOP_5_PERCENT_ALERT
50406198805288738,0.0,71.48,77,David Hammond,Mylta,1,3,TOP_5_PERCENT_ALERT
32603197703241348,0.0,71.43,78,Becky Wilson,Mylta,1,3,TOP_5_PERCENT_ALERT
76013194009219980,0.0,71.33,79,Shannon Leahy,Severny,1,3,TOP_5_PERCENT_ALERT
89909193910297515,0.0,71.28,80,William Ray,Stalber,1,3,TOP_5_PERCENT_ALERT
20509194811226533,0.0,71.27,81,James Meister,Severny,1,3,TOP_5_PERCENT_ALERT
98890195612283004,0.0,71.27,82,Lara Peterson,Severny,1,3,TOP_5_PERCENT_ALERT
28436201807046580,0.0,71.2,83,Michael Joe,Severny,1,3,TOP_5_PERCENT_ALERT
67331194209158096,0.0,71.19,84,Kimberly Jenkins,Mylta,1,3,TOP_5_PERCENT_ALERT
25008195710053364,0.0,71.18,85,Olive Landers,Yasnaya,1,3,TOP_5_PERCENT_ALERT
28647193807244357,0.0,71.08,86,Jessica Sandifer,Severny,1,3,TOP_5_PERCENT_ALERT
65478197802124933,0.0,71.06,87,Audra Jones,Mylta,1,3,TOP_5_PERCENT_ALERT
67524197512147388,0.0,71.05,88,James Thompson,Lipovka,1,3,TOP_5_PERCENT_ALERT
38430197412215727,0.0,71.0,89,Jonas Zhou,Lipovka,1,3,TOP_5_PERCENT_ALERT
94193200009148922,0.0,70.96,90,Cristy Alvarez,Yasnaya,1,3,TOP_5_PERCENT_ALERT
59708199404291409,0.0,70.95,91,Martha Boland,Yasnaya,1,3,TOP_5_PERCENT_ALERT
52429193004245933,0.0,70.92,92,Velma Ryder,Yasnaya,1,3,TOP_5_PERCENT_ALERT
19170195709249957,0.0,70.9,93,Maria Parsons,Yasnaya,1,3,TOP_5_PERCENT_ALERT
51242196405289131,0.0,70.85,94,John Robison,Lipovka,1,3,TOP_5_PERCENT_ALERT
59009196507114776,0.0,70.84,95,Marie Smith,Stalber,1,3,TOP_5_PERCENT_ALERT
75606195004119347,0.0,70.82,96,Tasha Kapp,Lipovka,1,3,TOP_5_PERCENT_ALERT
39641201503092298,0.0,70.76,97,Marlene Pabon,Lipovka,1,3,TOP_5_PERCENT_ALERT
95386201207141234,0.0,70.76,98,Robert West,Yasnaya,1,3,TOP_5_PERCENT_ALERT
67781199203052408,0.0,70.75,99,Catherine Denton,Lipovka,1,3,TOP_5_PERCENT_ALERT
91255197802194423,0.0,70.7,100,Christi Cooper,Stalber,1,3,TOP_5_PERCENT_ALERT
98536195912026976,0.0,70.7,101,Herlinda Himes,Yasnaya,1,3,TOP_5_PERCENT_ALERT
67559198706155663,0.0,70.67,102,William Horner,Lipovka,1,3,TOP_5_PERCENT_ALERT
27444194406286401,0.0,70.61,103,Dennis King,Yasnaya,1,3,TOP_5_PERCENT_ALERT
59702199711189817,0.0,70.6,104,Michelle Long,Severny,1,3,TOP_5_PERCENT_ALERT
13803199907076379,0.0,70.58,105,Tammy Villanueva,Severny,1,3,TOP_5_PERCENT_ALERT
84633195102254398,0.0,70.54,106,Heike Munter,Severny,1,3,TOP_5_PERCENT_ALERT
46860197204149597,0.0,70.53,107,Felicia Barnes,Lipovka,1,3,TOP_5_PERCENT_ALERT
14342198201092884,0.0,70.49,108,Dorothy Sweet,Severny,1,3,TOP_5_PERCENT_ALERT
59485200810032894,0.0,70.47,109,Frances Keil,Stalber,1,3,TOP_5_PERCENT_ALERT
65491195203257087,0.0,70.47,110,Edward Smith,Novorepnoye,1,2,TOP_5_PERCENT_ALERT
93298201012093578,0.0,70.47,111,Jonathan Johnson,Mylta,1,3,TOP_5_PERCENT_ALERT
69911200012042241,0.0,70.43,112,Maria Beegle,Severny,1,3,TOP_5_PERCENT_ALERT
23261193306204653,0.0,70.42,113,Gregory Musick,Stalber,1,3,TOP_5_PERCENT_ALERT
20907197707268967,0.0,70.4,114,Merle Johnson,Severny,1,3,TOP_5_PERCENT_ALERT
94601193707172861,0.0,70.38,115,Jan Paul,Quarry,1,2,TOP_5_PERCENT_ALERT
52042197810012139,0.0,70.34,116,Cassidy Collins,Yasnaya,1,3,TOP_5_PERCENT_ALERT
85235198712296218,0.0,70.27,117,Blanca Ander,Severny,1,3,TOP_5_PERCENT_ALERT
21915196612302588,0.0,70.25,118,Margaret Iredale,Stalber,1,3,TOP_5_PERCENT_ALERT
37111201312099859,0.0,70.2,119,Monica Gill,Yasnaya,1,3,TOP_5_PERCENT_ALERT
22142194307114755,0.0,70.14,120,Robert Croghan,Yasnaya,1,3,TOP_5_PERCENT_ALERT
34495194111154616,0.0,70.13,121,Richard Gardner,Yasnaya,1,3,TOP_5_PERCENT_ALERT
99114195612175918,0.0,70.13,122,James Kinard,Stalber,1,3,TOP_5_PERCENT_ALERT
78591197608261441,0.0,70.1,123,Taylor Laflore,Stalber,1,3,TOP_5_PERCENT_ALERT
19260199509127384,0.0,70.08,124,Virginia Knight,Stalber,1,3,TOP_5_PERCENT_ALERT
77132200902056638,0.0,70.08,125,Nancy Mitchell,Yasnaya,1,3,TOP_5_PERCENT_ALERT
59004198910271018,0.0,70.07,126,Stephen Mccormick,Novorepnoye,1,2,TOP_5_PERCENT_ALERT
98186193107209722,0.0,70.02,127,Lashanda Ellington,Lipovka,1,3,TOP_5_PERCENT_ALERT
19193194004289519,0.0,69.96,128,Douglas Landefeld,Lipovka,1,3,TOP_5_PERCENT_ALERT
92238195011121174,0.0,69.9,129,Stephanie Hearn,Yasnaya,1,3,TOP_5_PERCENT_ALERT
95285194705232546,0.0,69.9,130,William Eckert,Severny,1,3,TOP_5_PERCENT_ALERT
69998201006111706,0.0,69.85,131,Rena Flagg,Yasnaya,1,3,TOP_5_PERCENT_ALERT
40141200710273008,0.0,69.8,132,Winfred Black,Lipovka,1,3,TOP_5_PERCENT_ALERT
61665196008243615,0.0,69.77,133,Michelle Mcclusky,Stalber,1,3,TOP_5_PERCENT_ALERT
66157197405297399,0.0,69.75,134,Bettye Hart,Lipovka,1,3,TOP_5_PERCENT_ALERT
92277196808208676,0.0,69.73,135,Margery Davis,Mylta,1,3,TOP_5_PERCENT_ALERT
92025194709148137,0.0,69.72,136,Roseanna Holloway,Stalber,1,3,TOP_5_PERCENT_ALERT
26691199502042969,0.0,69.71,137,Bobbie Evans,Stalber,1,3,TOP_5_PERCENT_ALERT
30276199407026168,0.0,69.7,138,William Delgado,Yasnaya,1,3,TOP_5_PERCENT_ALERT
74837198005187643,0.0,69.65,139,Robert Mcdonald,Lipovka,1,3,TOP_5_PERCENT_ALERT
76474198002164604,0.0,69.65,140,Harry Williams,Yasnaya,1,3,TOP_5_PERCENT_ALERT
93951196810183228,0.0,69.64,141,Judy Barnes,Zharki,1,2,TOP_5_PERCENT_ALERT
14686193804051983,0.0,69.59,142,Pedro Cardenas,Yasnaya,1,3,TOP_5_PERCENT_ALERT
71740200908104897,0.0,69.58,143,Marjorie Ross,Mylta,1,3,TOP_5_PERCENT_ALERT
39124201210273497,0.0,69.55,144,Frank Lowin,Mylta,1,3,TOP_5_PERCENT_ALERT
75688195907166215,0.0,69.44,145,Chris Quilty,Stalber,1,3,TOP_5_PERCENT_ALERT
55898198004276561,0.0,69.34,146,Cathy Mateo,Mylta,1,3,TOP_5_PERCENT_ALERT
64004196612169470,0.0,69.31,147,Erik Miller,Lipovka,1,3,TOP_5_PERCENT_ALERT
99669199511139479,0.0,69.29,148,Clarence Gullion,Mylta,1,3,TOP_5_PERCENT_ALERT
35227198701316033,0.0,69.23,149,Joan Doverspike,Stalber,1,3,TOP_5_PERCENT_ALERT
53031200104258925,0.0,69.23,150,Lisa Driscoll,Stalber,1,3,TOP_5_PERCENT_ALERT
33482200005304101,0.0,69.22,151,Tom Blanchard,Yasnaya,1,3,TOP_5_PERCENT_ALERT
33946195802181569,0.0,69.22,152,Helen Teran,Lipovka,1,3,TOP_5_PERCENT_ALERT
29188195607123073,0.0,69.15,153,George Riley,Severny,1,3,TOP_5_PERCENT_ALERT
83078195705124841,0.0,69.12,154,Peter Vallarta,Stalber,1,3,TOP_5_PERCENT_ALERT
45032193903312222,0.0,69.07,155,Lisa Goff,Novorepnoye,1,2,TOP_5_PERCENT_ALERT
72154195302104537,0.0,69.05,156,Haywood Reynolds,Mylta,1,3,TOP_5_PERCENT_ALERT
40695193111034317,0.0,69.04,157,Norma Robinson,Yasnaya,1,3,TOP_5_PERCENT_ALERT
99957198203191467,0.0,69.04,158,Robert Toll,Stalber,1,3,TOP_5_PERCENT_ALERT
93356195103137076,0.0,69.0,159,Dewayne Baker,Stalber,1,3,TOP_5_PERCENT_ALERT
85031195108029340,0.0,68.98,160,Steven Cash,Yasnaya,1,3,TOP_5_PERCENT_ALERT
22987195306106296,0.0,68.96,161,Matthew Gonzalez,Lipovka,1,3,TOP_5_PERCENT_ALERT
79365195806267812,0.0,68.93,162,Shannon Simmons,Quarry,1,2,TOP_5_PERCENT_ALERT
30032199005077116,0.0,68.91,163,Beth Lisa,Mylta,1,3,TOP_5_PERCENT_ALERT
43427197404281673,0.0,68.9,164,Jacqueline Butler,Mylta,1,3,TOP_5_PERCENT_ALERT
83907200203162709,0.0,68.9,165,Colleen Jackson,Novorepnoye,1,2,TOP_5_PERCENT_ALERT
15054200802284129,0.0,68.89,166,Dominique Gibson,Quarry,1,2,TOP_5_PERCENT_ALERT
19742199804165667,0.0,68.89,167,Brian Brownlee,Stalber,1,3,TOP_5_PERCENT_ALERT
39084200312219916,0.0,68.86,168,Jerome Mccoy,Quarry,1,2,TOP_5_PERCENT_ALERT
87297196508242006,0.0,68.86,169,Morris Parker,Novorepnoye,1,2,TOP_5_PERCENT_ALERT
31059198711016808,0.0,68.85,170,Bernard Riccio,Mylta,1,3,TOP_5_PERCENT_ALERT
35164198911047843,0.0,68.85,171,David Armstrong,Lipovka,1,3,TOP_5_PERCENT_ALERT
10568197806241336,0.0,68.82,172,Charles Carr,Yasnaya,1,3,TOP_5_PERCENT_ALERT
56524200308045843,0.0,68.82,173,Rosemary Washington,Novorepnoye,1,2,TOP_5_PERCENT_ALERT
44211200304173297,0.0,68.81,174,Bernice Malone,Severny,1,3,TOP_5_PERCENT_ALERT
79730199102129430,0.0,68.8,175,Toni Horn,Mylta,1,3,TOP_5_PERCENT_ALERT
37645196108279871,0.0,68.78,176,Henry Perea,Lipovka,1,3,TOP_5_PERCENT_ALERT
17838201505078629,0.0,68.76,177,James Thomas,Severny,1,3,TOP_5_PERCENT_ALERT
47891200406203817,0.0,68.74,178,William Andersen,Mylta,1,3,TOP_5_PERCENT_ALERT
18207201803137457,0.0,68.73,179,Deborah Tavares,Lipovka,1,3,TOP_5_PERCENT_ALERT
38220194806103197,0.0,68.66,180,Jennifer Jacobs,Lipovka,1,3,TOP_5_PERCENT_ALERT
87330196205303851,0.0,68.66,181,Judy Mosley,Yasnaya,1,3,TOP_5_PERCENT_ALERT
88244201310075920,0.0,68.63,182,Mamie Roccio,Severny,1,3,TOP_5_PERCENT_ALERT
79612196902068812,0.0,68.62,183,Elizabeth Lemmons,Yasnaya,1,3,TOP_5_PERCENT_ALERT
15600193202243595,0.0,68.6,184,Steven Lee,Novorepnoye,1,2,TOP_5_PERCENT_ALERT
11038200208307007,0.0,68.58,185,William Flanders,Novorepnoye,1,2,TOP_5_PERCENT_ALERT
20480200905112706,0.0,68.57,186,Tyrone Raab,Lipovka,1,3,TOP_5_PERCENT_ALERT
25131201209276838,0.0,68.55,187,Matthew Iglesias,Zharki,1,2,TOP_5_PERCENT_ALERT
93918199509207732,0.0,68.52,188,Sharon Jones,Yasnaya,1,3,TOP_5_PERCENT_ALERT
10701199607036676,0.0,68.51,189,Ellis Popp,Yasnaya,1,3,TOP_5_PERCENT_ALERT
51291196907111788,0.0,68.48,190,Raymond Samber,Quarry,1,2,TOP_5_PERCENT_ALERT
32376194608296050,0.0,68.46,191,Tracie Parks,Yasnaya,1,3,TOP_5_PERCENT_ALERT
56133193012188765,0.0,68.44,192,Jacob Daniels,Lipovka,1,3,TOP_5_PERCENT_ALERT
35754197610051555,0.0,68.43,193,Kenneth Ladd,Novorepnoye,1,2,TOP_5_PERCENT_ALERT
66511193510065395,0.0,68.42,194,Marvin Henson,Lipovka,1,3,TOP_5_PERCENT_ALERT
92976196409045969,0.0,68.42,195,Donald Bostian,Yasnaya,1,3,TOP_5_PERCENT_ALERT
32498193801276321,0.0,68.38,196,Marilyn Santana,Mylta,1,3,TOP_5_PERCENT_ALERT
60663198401245445,0.0,68.38,197,Sheila Owens,Mylta,1,3,TOP_5_PERCENT_ALERT
21970200801024221,0.0,68.34,198,Marguerite Brooks,Stalber,1,3,TOP_5_PERCENT_ALERT
56636195703108724,0.0,68.34,199,Dollie Stevenson,Zharki,1,2,TOP_5_PERCENT_ALERT
78796196006102530,0.0,68.34,200,Vincent Otero,Yasnaya,1,3,TOP_5_PERCENT_ALERT
36134197304079245,0.0,68.33,201,Valerie Henderson,Novorepnoye,1,2,TOP_5_PERCENT_ALERT
46421199007192972,0.0,68.32,202,George Shelton,Novorepnoye,1,2,TOP_5_PERCENT_ALERT
40410195411297704,0.0,68.22,203,Micheal Martin,Stalber,1,3,TOP_5_PERCENT_ALERT
35509194302261151,0.0,68.21,204,Victor Flores,Yasnaya,1,3,TOP_5_PERCENT_ALERT
41552197501176162,0.0,68.21,205,Michael Goguen,Stalber,1,3,TOP_5_PERCENT_ALERT
47062198506035543,0.0,68.18,206,Vanessa Scott,Severny,1,3,TOP_5_PERCENT_ALERT
69063200304069423,0.0,68.17,207,Donald Hack,Novorepnoye,1,2,TOP_5_PERCENT_ALERT
45135199904226448,0.0,68.16,208,Deborah Meeks,Quarry,1,2,TOP_5_PERCENT_ALERT
66344195310269518,0.0,68.12,209,Jimmie Dick,Stalber,1,3,TOP_5_PERCENT_ALERT
12564194509056165,0.0,68.07,210,John Bass,Stalber,1,3,TOP_5_PERCENT_ALERT
41203201911204810,0.0,68.03,211,Jimmy Firman,Zharki,1,2,TOP_5_PERCENT_ALERT
10278201012161245,0.0,68.01,212,Brad Crieghton,Stalber,1,3,TOP_5_PERCENT_ALERT
19179195405086963,0.0,68.0,213,Charles Smith,Severny,1,3,TOP_5_PERCENT_ALERT
86119197202054996,0.0,67.99,214,Michael Fears,Yasnaya,1,3,TOP_5_PERCENT_ALERT
68026200010173647,0.0,67.98,215,Roberto Smith,Severny,1,3,TOP_5_PERCENT_ALERT
63134201502199123,0.0,67.97,216,Jeffrey Rivera,Quarry,1,2,TOP_5_PERCENT_ALERT
36651196004034455,0.0,67.95,217,Alma Patton,Quarry,1,2,TOP_5_PERCENT_ALERT
76545194101317268,0.0,67.95,218,Michelle Stringer,Severny,1,3,TOP_5_PERCENT_ALERT
22976196811138656,0.0,67.9,219,Matthew Brantley,Novorepnoye,1,2,TOP_5_PERCENT_ALERT
30904197408038545,0.0,67.9,220,William Winterbottom,Mylta,1,3,TOP_5_PERCENT_ALERT
78022193401244247,0.0,67.82,221,Inez Haynes,Novorepnoye,1,2,TOP_5_PERCENT_ALERT
12273195404179162,0.0,67.81,222,Misty Morrill,Mylta,1,3,TOP_5_PERCENT_ALERT
56986199711217888,0.0,67.79,223,Frances Jones,Stalber,1,3,TOP_5_PERCENT_ALERT
46757197908301999,0.0,67.78,224,Inez Richman,Zharki,1,2,TOP_5_PERCENT_ALERT
28951197810039904,0.0,67.76,225,Lynn Snyder,Stalber,1,3,TOP_5_PERCENT_ALERT
66581195801082828,0.0,67.75,226,Carol Doerr,Severny,1,3,TOP_5_PERCENT_ALERT
69736198811281324,0.0,67.73,227,Martha Conda,Novorepnoye,1,2,TOP_5_PERCENT_ALERT
55853197011034296,0.0,67.68,228,Tommie Vance,Lipovka,1,3,TOP_5_PERCENT_ALERT
72944201003185010,0.0,67.65,229,Leonard Nunmaker,Mylta,1,3,TOP_5_PERCENT_ALERT
90567195105033160,0.0,67.63,230,John Hendon,Mylta,1,3,TOP_5_PERCENT_ALERT
38673200306155788,0.0,67.61,231,Catalina Cramblit,Quarry,1,2,TOP_5_PERCENT_ALERT
56453201803189344,0.0,67.6,232,Stephen Perez,Stalber,1,3,TOP_5_PERCENT_ALERT
31053198603292825,0.0,67.58,233,Mary Cruz,Stalber,1,3,TOP_5_PERCENT_ALERT
35619200406163186,0.0,67.57,234,Ann Ferrara,Lipovka,1,3,TOP_5_PERCENT_ALERT
64794194103012062,0.0,67.56,235,Brian Becker,Severny,1,3,TOP_5_PERCENT_ALERT
22507200810149268,0.0,67.54,236,John Torres,Lipovka,1,3,TOP_5_PERCENT_ALERT
62097195609081224,0.0,67.48,237,Colin Garcia,Novorepnoye,1,2,TOP_5_PERCENT_ALERT
13855200402023807,0.0,67.41,238,Pearl Lounsbury,Zharki,1,2,TOP_5_PERCENT_ALERT
10861199202067385,0.0,67.39,239,Douglas Davis,Stalber,1,3,TOP_5_PERCENT_ALERT
82368197610113181,0.0,67.39,240,Willis Brennan,Quarry,1,2,TOP_5_PERCENT_ALERT
23975196905101659,0.0,67.37,241,Robin Standre,Zharki,1,2,TOP_5_PERCENT_ALERT
13013199002053852,0.0,67.34,242,Ann Maultsby,Severny,1,3,TOP_5_PERCENT_ALERT
80341201205098998,0.0,67.33,243,Joe Stringer,Novorepnoye,1,2,TOP_5_PERCENT_ALERT
44891201405012476,0.0,67.32,244,Jerry Dunlap,Novorepnoye,1,2,TOP_5_PERCENT_ALERT
72741196603173651,0.0,67.32,245,Janet Lipscomb,Severny,1,3,TOP_5_PERCENT_ALERT
79043195512111028,0.0,67.32,246,Edward Stalder,Yasnaya,1,3,TOP_5_PERCENT_ALERT
82456200411043743,0.0,67.31,247,Gene Fern,Mylta,1,3,TOP_5_PERCENT_ALERT
13395194802243091,0.0,67.28,248,Joann Johnston,Mylta,1,3,TOP_5_PERCENT_ALERT
72437195504165628,0.0,67.28,249,Debra Patterson,Mylta,1,3,TOP_5_PERCENT_ALERT
15988199507099861,0.0,67.21,250,Barbara Hairston,Yasnaya,1,3,TOP_5_PERCENT_ALERT
31258195511165182,0.0,67.2,251,Michael Eaton,Quarry,1,2,TOP_5_PERCENT_ALERT
10334194311057061,0.0,67.19,252,Max Negron,Yasnaya,1,3,TOP_5_PERCENT_ALERT
81928197911096667,0.0,67.12,253,Karen Waits,Novorepnoye,1,2,TOP_5_PERCENT_ALERT
74420196306127890,0.0,67.09,254,Tracy Browning,Mylta,1,3,TOP_5_PERCENT_ALERT
93761195805204554,0.0,67.09,255,Geraldine Ballard,Novorepnoye,1,2,TOP_5_PERCENT_ALERT
66286195001152736,0.0,67.08,256,Edwin Evans,Mylta,1,3,TOP_5_PERCENT_ALERT
36021196601278808,0.0,66.99,257,Zachary Barker,Novorepnoye,1,2,TOP_5_PERCENT_ALERT
61599200012175451,0.0,66.98,258,Micheal Montgomery,Lipovka,1,3,TOP_5_PERCENT_ALERT
89539194609033271,0.0,66.98,259,Roxanna Miller,Zharki,1,2,TOP_5_PERCENT_ALERT
70077196310131808,0.0,66.93,260,Elma Hoover,Severny,1,3,TOP_5_PERCENT_ALERT
48246196005154433,0.0,66.9,261,Roy Meachum,Novorepnoye,1,2,TOP_5_PERCENT_ALERT
66768197811131997,0.0,66.9,262,Bill Price,Mylta,1,3,TOP_5_PERCENT_ALERT
18259198907241968,0.0,66.89,263,James Furrow,Severny,1,3,TOP_5_PERCENT_ALERT
31085195902017748,0.0,66.88,264,Kelly Eells,Mylta,1,3,TOP_5_PERCENT_ALERT
13477201206196927,0.0,66.86,265,Grace Ranger,Quarry,1,2,TOP_5_PERCENT_ALERT
33631196107072797,0.0,66.83,266,Roy Wenning,Stalber,1,3,TOP_5_PERCENT_ALERT
95957201102187170,0.0,66.79,267,Gary Maisenbacher,Severny,1,3,TOP_5_PERCENT_ALERT
17135194311234819,0.0,66.74,268,Warren Hutchingson,Mylta,1,3,TOP_5_PERCENT_ALERT
72782200209124455,0.0,66.73,269,Christopher Strickland,Stalber,1,3,TOP_5_PERCENT_ALERT
51570201409099722,0.0,66.7,270,Graham Davis,Novorepnoye,1,2,TOP_5_PERCENT_ALERT
32842193403286421,0.0,66.63,271,Ted Easley,Novorepnoye,1,2,TOP_5_PERCENT_ALERT
79035194003297095,0.0,66.58,272,Kevin Lung,Novorepnoye,1,2,TOP_5_PERCENT_ALERT
53619199603256160,0.0,66.57,273,David Muller,Mylta,1,3,TOP_5_PERCENT_ALERT
68675196606132614,0.0,66.55,274,Morris Bryant,Severny,1,3,TOP_5_PERCENT_ALERT
75207195606089508,0.0,66.55,275,Kristina Skowron,Quarry,1,2,TOP_5_PERCENT_ALERT
91537194405312831,0.0,66.46,276,Stephanie Hudock,Zharki,1,2,TOP_5_PERCENT_ALERT
48432199409253807,0.0,66.42,277,Adrian Hayes,Severny,1,3,TOP_5_PERCENT_ALERT
71956193908204066,0.0,66.42,278,Chris Hicks,Quarry,1,2,TOP_5_PERCENT_ALERT
49294199805072508,0.0,66.4,279,Alix Owens,Severny,1,3,TOP_5_PERCENT_ALERT
45701198311047152,0.0,66.39,280,Glenn Mcgrath,Quarry,1,2,TOP_5_PERCENT_ALERT
35559197402269987,0.0,66.36,281,Mary Ferguson,Lipovka,1,3,TOP_5_PERCENT_ALERT
61110193208317252,0.0,66.36,282,Rosalind Ramos,Lipovka,1,3,TOP_5_PERCENT_ALERT
28568201704153677,0.0,66.3,283,Donna Burden,Quarry,1,2,TOP_5_PERCENT_ALERT
55946195306184164,0.0,66.26,284,Maria Smith,Yasnaya,1,3,TOP_5_PERCENT_ALERT
96236195303093234,0.0,66.22,285,Dennis Hill,Severny,1,3,TOP_5_PERCENT_ALERT
27932201203037528,0.0,66.21,286,Heather Rothstein,Novorepnoye,1,2,TOP_5_PERCENT_ALERT
12795197304205362,0.0,66.2,287,Pamela Bennett,Mylta,1,3,TOP_5_PERCENT_ALERT
50296197408285027,0.0,66.2,288,Lydia Yerkey,Severny,1,3,TOP_5_PERCENT_ALERT
89554194805014796,0.0,66.14,289,Octavio Stephens,Severny,1,3,TOP_5_PERCENT_ALERT
60934194006246909,0.0,66.12,290,Anna Taylor,Yasnaya,1,3,TOP_5_PERCENT_ALERT
47599198804024861,0.0,66.1,291,Amanda Bradfield,Lipovka,1,3,TOP_5_PERCENT_ALERT
85027200703294298,0.0,66.1,292,Ollie March,Lipovka,1,3,TOP_5_PERCENT_ALERT
28733198710236053,0.0,66.06,293,Christopher Spiller,Novorepnoye,1,2,TOP_5_PERCENT_ALERT
29004195702031637,0.0,66.03,294,Jesus Dibble,Severny,1,3,TOP_5_PERCENT_ALERT
65025196412016253,0.0,66.0,295,Evelyn Washington,Novorepnoye,1,2,TOP_5_PERCENT_ALERT
35106194702277274,0.0,65.98,296,Scott Kelly,Mylta,1,3,TOP_5_PERCENT_ALERT
25953194103232590,0.0,65.95,297,Barbara Shelton,Yasnaya,1,3,TOP_5_PERCENT_ALERT
21358201111168782,0.0,65.94,298,Jolyn Graham,Yasnaya,1,3,TOP_5_PERCENT_ALERT
23854200906279749,0.0,65.92,299,Miles Pereira,Rozhok,1,1,TOP_5_PERCENT_ALERT
92424201309054277,0.0,65.91,300,Dennis Wood,Zharki,1,2,TOP_5_PERCENT_ALERT
18813193506253407,0.0,65.9,301,Edward Thrift,Zharki,1,2,TOP_5_PERCENT_ALERT
69843201702199128,0.0,65.9,302,Daniel Farmer,Lipovka,1,3,TOP_5_PERCENT_ALERT
73197200708115556,0.0,65.9,303,Greg Scholer,Stalber,1,3,TOP_5_PERCENT_ALERT
98137200906283160,0.0,65.9,304,Ann Brandt,Stalber,1,3,TOP_5_PERCENT_ALERT
25859200907216633,0.0,65.88,305,Julia Jordan,Lipovka,1,3,TOP_5_PERCENT_ALERT
78164193503159132,0.0,65.88,306,Candelaria Holley,Lipovka,1,3,TOP_5_PERCENT_ALERT
70338196012015965,0.0,65.85,307,Jean Moss,Stalber,1,3,TOP_5_PERCENT_ALERT
38032195103256317,0.0,65.82,308,Roxann Hunter,Mylta,1,3,TOP_5_PERCENT_ALERT
29512196906299750,0.0,65.81,309,Patricia Paul,Quarry,1,2,TOP_5_PERCENT_ALERT
44430195808212362,0.0,65.8,310,Lee Jumper,Mylta,1,3,TOP_5_PERCENT_ALERT
46520198003297141,0.0,65.79,311,Courtney Perry,Quarry,1,2,TOP_5_PERCENT_ALERT
52874193211135989,0.0,65.77,312,Nola Theriault,Novorepnoye,1,2,TOP_5_PERCENT_ALERT
88974195303012267,0.0,65.77,313,Lawrence Jeffries,Sosnovka,1,1,TOP_5_PERCENT_ALERT
22319197310109340,0.0,65.73,314,Linda Gomes,Mylta,1,3,TOP_5_PERCENT_ALERT
15561193206087278,0.0,65.69,315,Mario Wasson,Lipovka,1,3,TOP_5_PERCENT_ALERT
97370200501317924,0.0,65.69,316,Michael Mason,Lipovka,1,3,TOP_5_PERCENT_ALERT
86760198107252209,0.0,65.66,317,Alejandro Bush,Stalber,1,3,TOP_5_PERCENT_ALERT
99687198109163980,0.0,65.64,318,Louise Davis,Yasnaya,1,3,TOP_5_PERCENT_ALERT
88755201203099014,0.0,65.62,319,Craig Kelleher,Yasnaya,1,3,TOP_5_PERCENT_ALERT
83377199601136803,0.0,65.59,320,Denise Hakimian,Quarry,1,2,TOP_5_PERCENT_ALERT
20335193506107940,0.0,65.58,321,Heidi Renova,Stalber,1,3,TOP_5_PERCENT_ALERT
68622194308128292,0.0,65.55,322,Nicole Heckstall,Quarry,1,2,TOP_5_PERCENT_ALERT
78032201212183935,0.0,65.54,323,Reginald Sanchez,Severny,1,3,TOP_5_PERCENT_ALERT
50480195306192434,0.0,65.51,324,Alice Chandler,Quarry,1,2,TOP_5_PERCENT_ALERT
17689194708209802,0.0,65.47,325,Judy Alexander,Zharki,1,2,TOP_5_PERCENT_ALERT
45593194212188441,0.0,65.45,326,Omar Veach,Yasnaya,1,3,TOP_5_PERCENT_ALERT
83714200208041962,0.0,65.45,327,Isabel Hernandez,Pochinki,1,1,TOP_5_PERCENT_ALERT
48020197212317449,0.0,65.4,328,Lisa Barker,Yasnaya,1,3,TOP_5_PERCENT_ALERT
79290193407062377,0.0,65.37,329,William Warren,Lipovka,1,3,TOP_5_PERCENT_ALERT
40402193608317615,0.0,65.32,330,Richard Karamchandani,Lipovka,1,3,TOP_5_PERCENT_ALERT
19290194504146395,0.0,65.27,331,Michele Jones,Rozhok,1,1,TOP_5_PERCENT_ALERT
54443195010065673,0.0,65.27,332,Susan Nails,Yasnaya,1,3,TOP_5_PERCENT_ALERT
25932198803135064,0.0,65.26,333,Cesar Stanley,Yasnaya,1,3,TOP_5_PERCENT_ALERT
55235193411232730,0.0,65.26,334,Donna Goolsby,Severny,1,3,TOP_5_PERCENT_ALERT
99923198005186988,0.0,65.2,335,Christopher Poole,Lipovka,1,3,TOP_5_PERCENT_ALERT
93182196504012229,0.0,65.19,336,Alana Zielinski,Georgopol,1,1,TOP_5_PERCENT_ALERT
41900193602199098,0.0,65.18,337,Brian Hanni,Rozhok,1,1,TOP_5_PERCENT_ALERT
14372198410036362,0.0,65.17,338,Nicole Lowe,Severny,1,3,TOP_5_PERCENT_ALERT
52292199011095723,0.0,65.14,339,Albert Green,Stalber,1,3,TOP_5_PERCENT_ALERT
33774200911288645,0.0,65.11,340,Stella Munoz,Quarry,1,2,TOP_5_PERCENT_ALERT
13542201605295528,0.0,65.06,341,Michael Gordon,Lipovka,1,3,TOP_5_PERCENT_ALERT
54426194509045008,0.0,65.06,342,Ken Champ,Stalber,1,3,TOP_5_PERCENT_ALERT
17043200610215324,0.0,65.05,343,William Tharp,Zharki,1,2,TOP_5_PERCENT_ALERT
47164201409095779,0.0,65.03,344,James Smith,Lipovka,1,3,TOP_5_PERCENT_ALERT
59021199111287324,0.0,65.01,345,Peter Parker,Lipovka,1,3,TOP_5_PERCENT_ALERT
38809196506029646,0.0,65.0,346,Richard Casto,Lipovka,1,3,TOP_5_PERCENT_ALERT
33841196601027840,0.0,64.99,347,Rae Doolittle,Mylta,1,3,TOP_5_PERCENT_ALERT
38830197601051384,0.0,64.97,348,John Tomlinson,Mylta,1,3,TOP_5_PERCENT_ALERT
47337200209056974,0.0,64.97,349,Thelma Dennis,Lipovka,1,3,TOP_5_PERCENT_ALERT
70428195612111634,0.0,64.97,350,Scott Kimber,Quarry,1,2,TOP_5_PERCENT_ALERT
66168197407118539,0.0,64.96,351,Joseph Curry,Zharki,1,2,TOP_5_PERCENT_ALERT
65179197809261587,0.0,64.93,352,Robert Church,Stalber,1,3,TOP_5_PERCENT_ALERT
12100197409302379,0.0,64.92,353,Kim Nieves,Quarry,1,2,TOP_5_PERCENT_ALERT
89451194312073794,0.0,64.91,354,Denise Hughes,Primorsk,1,1,TOP_5_PERCENT_ALERT
86415199804056490,0.0,64.84,355,Silvia Modlin,Novorepnoye,1,2,TOP_5_PERCENT_ALERT
60021198406158798,0.0,64.83,356,Muoi Hixon,Zharki,1,2,TOP_5_PERCENT_ALERT
65737201412128368,0.0,64.78,357,Bryan Carroll,Gatka,1,1,TOP_5_PERCENT_ALERT
24324193109106687,0.0,64.77,358,Mary Palomino,Gatka,1,1,TOP_5_PERCENT_ALERT
59644201705183945,0.0,64.77,359,Shanika Mathews,Pochinki,1,1,TOP_5_PERCENT_ALERT
25604200805213138,0.0,64.75,360,Debra Chester,Severny,1,3,TOP_5_PERCENT_ALERT
83183193708141943,0.0,64.74,361,Julie Rios,Quarry,1,2,TOP_5_PERCENT_ALERT
34774199306252489,0.0,64.69,362,Gertrude Green,Lipovka,1,3,TOP_5_PERCENT_ALERT
37490196508229517,0.0,64.67,363,Wayne Martinez,Pochinki,1,1,TOP_5_PERCENT_ALERT
79899199605097862,0.0,64.66,364,Marcella Stout,Zharki,1,2,TOP_5_PERCENT_ALERT
77282196207094190,0.0,64.65,365,Jennifer Arnold,Mylta,1,3,TOP_5_PERCENT_ALERT
72450194302176251,0.0,64.64,366,Gerald Patterson,Lipovka,1,3,TOP_5_PERCENT_ALERT
48276198904298424,0.0,64.57,367,Annette Rousseau,Yasnaya,1,3,TOP_5_PERCENT_ALERT
59793195211051929,0.0,64.56,368,Kim Jackson,Mylta,1,3,TOP_5_PERCENT_ALERT
93280195910298591,0.0,64.51,369,Marlene Rummler,Yasnaya,1,3,TOP_5_PERCENT_ALERT
16704199103109379,0.0,64.46,370,Irma Robinson,Mylta,1,3,TOP_5_PERCENT_ALERT
76038199905171137,0.0,64.46,371,Virginia Mcmurray,Georgopol,1,1,TOP_5_PERCENT_ALERT
53040201903247348,0.0,64.44,372,Christina Johnson,Sosnovka,1,1,TOP_5_PERCENT_ALERT
26969201704271203,0.0,64.43,373,James Mcneill,Yasnaya,1,3,TOP_5_PERCENT_ALERT
58094196107153617,0.0,64.42,374,Kristen Padilla,Rozhok,1,1,TOP_5_PERCENT_ALERT
39721195907248439,0.0,64.4,375,Pauline Johanson,Yasnaya,1,3,TOP_5_PERCENT_ALERT
60153197601286987,0.0,64.39,376,Carolyn Crane,Pochinki,1,1,TOP_5_PERCENT_ALERT
10783199101011014,0.0,64.28,377,Sarah Rivera,Rozhok,1,1,TOP_5_PERCENT_ALERT
24511201409104691,0.0,64.28,378,Gina Moody,Severny,1,3,TOP_5_PERCENT_ALERT
46984200111309907,0.0,64.24,379,Daniel Wesley,Severny,1,3,TOP_5_PERCENT_ALERT
33359193706144584,0.0,64.22,380,Kelly King,Rozhok,1,1,TOP_5_PERCENT_ALERT
84536196301129192,0.0,64.21,381,Gloria Bryant,Pochinki,1,1,TOP_5_PERCENT_ALERT
71084197103104550,0.0,64.2,382,Glenn Poehlman,Georgopol,1,1,TOP_5_PERCENT_ALERT
92080195909072660,0.0,64.2,383,Margery Gamez,Quarry,1,2,TOP_5_PERCENT_ALERT
39309199203075980,0.0,64.19,384,Jason Perez,Novorepnoye,1,2,TOP_5_PERCENT_ALERT
30385196906157844,0.0,64.17,385,Marta Moore,Yasnaya,1,3,TOP_5_PERCENT_ALERT
10234202001281452,0.0,64.16,386,Andre Nunez,Yasnaya,1,3,TOP_5_PERCENT_ALERT
58436194904115957,0.0,64.16,387,Joetta Curtis,Georgopol,1,1,TOP_5_PERCENT_ALERT
73586199008115191,0.0,64.15,388,Esther Kanas,Severny,1,3,TOP_5_PERCENT_ALERT
15857198304145395,0.0,64.14,389,Debra Reese,Mylta,1,3,TOP_5_PERCENT_ALERT
92780200810026201,0.0,64.13,390,Michelle Quinn,Quarry,1,2,TOP_5_PERCENT_ALERT
74870199810144356,0.0,64.12,391,Brett Marr,Novorepnoye,1,2,TOP_5_PERCENT_ALERT
76199195010059293,0.0,64.1,392,Estella Iddings,Sosnovka,1,1,TOP_5_PERCENT_ALERT
83642199506302049,0.0,64.1,393,George Rister,Zharki,1,2,TOP_5_PERCENT_ALERT
67764201111106188,0.0,64.06,394,Forrest Patterson,Georgopol,1,1,TOP_5_PERCENT_ALERT
87215201607085752,0.0,64.05,395,Florentina Heidelberg,Zharki,1,2,TOP_5_PERCENT_ALERT
60317197011267620,0.0,64.04,396,Carlos White,Kameshki,1,1,TOP_5_PERCENT_ALERT
27532195201212115,0.0,64.03,397,Richard Pack,Zharki,1,2,TOP_5_PERCENT_ALERT
14580193412114726,0.0,64.01,398,Christopher Johnson,Mylta,1,3,TOP_5_PERCENT_ALERT
21417198703155593,0.0,64.01,399,Shellie Underwood,Kameshki,1,1,TOP_5_PERCENT_ALERT
71041200109176564,0.0,64.0,400,Tom Medill,Mylta,1,3,TOP_5_PERCENT_ALERT
47756197208183118,0.0,63.99,401,Thomas Evans,Pochinki,1,1,TOP_5_PERCENT_ALERT
85112193308114841,0.0,63.99,402,Alexander Johnston,Novorepnoye,1,2,TOP_5_PERCENT_ALERT
39927199503271590,0.0,63.97,403,Chauncey Carreiro,Pochinki,1,1,TOP_5_PERCENT_ALERT
61281198607174002,0.0,63.97,404,Juana Addis,Rozhok,1,1,TOP_5_PERCENT_ALERT
68068200006083386,0.0,63.97,405,Marta Morter,Stalber,1,3,TOP_5_PERCENT_ALERT
45973200803127000,0.0,63.95,406,Gerald Walton,Quarry,1,2,TOP_5_PERCENT_ALERT
92525198112077514,0.0,63.95,407,Patrick Harris,Quarry,1,2,TOP_5_PERCENT_ALERT
24170198404135497,0.0,63.94,408,James Doyle,Quarry,1,2,TOP_5_PERCENT_ALERT
46609201110219831,0.0,63.92,409,Jesse Mong,Primorsk,1,1,TOP_5_PERCENT_ALERT
54275195909244714,0.0,63.91,410,Crystal Munoz,Pochinki,1,1,TOP_5_PERCENT_ALERT
14825195402037060,0.0,63.9,411,Robert Diaz,Georgopol,1,1,TOP_5_PERCENT_ALERT
83182194506298991,0.0,63.9,412,Cynthia Sommerfeld,Zharki,1,2,TOP_5_PERCENT_ALERT
92578197012215452,0.0,63.89,413,Stephanie Congrove,Primorsk,1,1,TOP_5_PERCENT_ALERT
30725194601122251,0.0,63.84,414,Antonia Adams,Kameshki,1,1,TOP_5_PERCENT_ALERT
50961196504203775,0.0,63.84,415,Cortney Gregory,Pochinki,1,1,TOP_5_PERCENT_ALERT
18006198905238971,0.0,63.81,416,Barbara Tagg,Sosnovka,1,1,TOP_5_PERCENT_ALERT
34603197409238003,0.0,63.8,417,Vincent Shaw,Kameshki,1,1,TOP_5_PERCENT_ALERT
92113195301262540,0.0,63.8,418,Melissa Stoker,Kameshki,1,1,TOP_5_PERCENT_ALERT
31614198205258771,0.0,63.78,419,Wayne Fender,Novorepnoye,1,2,TOP_5_PERCENT_ALERT
25480193902201709,0.0,63.75,420,Theresa Lyerly,Quarry,1,2,TOP_5_PERCENT_ALERT
69581194612295972,0.0,63.75,421,Robin Hill,Rozhok,1,1,TOP_5_PERCENT_ALERT
66922194209259066,0.0,63.74,422,Edward Fowler,Sosnovka,1,1,TOP_5_PERCENT_ALERT
80064200907277414,0.0,63.74,423,Wayne Dardis,Zharki,1,2,TOP_5_PERCENT_ALERT
91964195311198979,0.0,63.74,424,Willie Mccarty,Severny,1,3,TOP_5_PERCENT_ALERT
52591199007157119,0.0,63.73,425,James Calleja,Sosnovka,1,1,TOP_5_PERCENT_ALERT
89368200407178067,0.0,63.68,426,Ellen Bacurin,Novorepnoye,1,2,TOP_5_PERCENT_ALERT
80142194905172326,0.0,63.65,427,Sherrie Copeland,Kameshki,1,1,TOP_5_PERCENT_ALERT
27400194309089944,0.0,63.63,428,Bonnie Sullivan,Kameshki,1,1,TOP_5_PERCENT_ALERT
47345195112247045,0.0,63.6,429,Karen Nincehelsor,Lipovka,1,3,TOP_5_PERCENT_ALERT
36866199805224906,0.0,63.55,430,Tony Davis,Severny,1,3,TOP_5_PERCENT_ALERT
53178197702166811,0.0,63.55,431,Sylvia Porter,Sosnovka,1,1,TOP_5_PERCENT_ALERT
52075195606185869,0.0,63.53,432,Juan Moore,Novorepnoye,1,2,TOP_5_PERCENT_ALERT
31469200103181667,0.0,63.5,433,Lucille Puig,Gatka,1,1,TOP_5_PERCENT_ALERT
64583193511045376,0.0,63.48,434,Joshua Marshall,Rozhok,1,1,TOP_5_PERCENT_ALERT
75123199705144664,0.0,63.47,435,Donna Carden,Mylta,1,3,TOP_5_PERCENT_ALERT
95971194511273353,0.0,63.47,436,Lance Gardner,Zharki,1,2,TOP_5_PERCENT_ALERT
82388200312213653,0.0,63.46,437,Thomas Hunter,Pochinki,1,1,TOP_5_PERCENT_ALERT
71642198905265579,0.0,63.39,438,Henry Filgo,Mylta,1,3,TOP_5_PERCENT_ALERT
76588198507021719,0.0,63.39,439,David Davis,Zharki,1,2,TOP_5_PERCENT_ALERT
32579196704178703,0.0,63.38,440,Sherry Nosal,Quarry,1,2,TOP_5_PERCENT_ALERT
80887198403261910,0.0,63.38,441,Tricia Villarreal,Zharki,1,2,TOP_5_PERCENT_ALERT
73266197901213436,0.0,63.36,442,Bruce Jeschke,Zharki,1,2,TOP_5_PERCENT_ALERT
61763201708114961,0.0,63.35,443,Eric Collins,Stalber,1,3,TOP_5_PERCENT_ALERT
88807195502015084,0.0,63.34,444,Renee Oakley,Zharki,1,2,TOP_5_PERCENT_ALERT
90894195501247279,0.0,63.34,445,Jason Yankee,Zharki,1,2,TOP_5_PERCENT_ALERT
97511199010041529,0.0,63.33,446,Debbie Buhl,Kameshki,1,1,TOP_5_PERCENT_ALERT
94582193808163551,0.0,63.32,447,Shannon Tomlin,Rozhok,1,1,TOP_5_PERCENT_ALERT
50263193710309250,0.0,63.31,448,Cody Poorman,Quarry,1,2,TOP_5_PERCENT_ALERT
28127201201067932,0.0,63.29,449,Gloria Miller,Yasnaya,1,3,TOP_5_PERCENT_ALERT
77484200807141757,0.0,63.29,450,David Bertrand,Rozhok,1,1,TOP_5_PERCENT_ALERT
91127197312268702,0.0,63.28,451,Marguerite Hughes,Zharki,1,2,TOP_5_PERCENT_ALERT
89146198011011953,0.0,63.23,452,Elizabeth Robinson,Rozhok,1,1,TOP_5_PERCENT_ALERT
54158194503027981,0.0,63.22,453,David Riley,Severny,1,3,TOP_5_PERCENT_ALERT
72870201905237038,0.0,63.22,454,John Kubat,Gatka,1,1,TOP_5_PERCENT_ALERT
47294197105284478,0.0,63.19,455,Raymond Begay,Pochinki,1,1,TOP_5_PERCENT_ALERT
78796194203251066,0.0,63.19,456,Deborah Bauer,Gatka,1,1,TOP_5_PERCENT_ALERT
53874193210174746,0.0,63.16,457,Kenneth Tejeiro,Novorepnoye,1,2,TOP_5_PERCENT_ALERT
25451193702276874,0.0,63.15,458,Blanche Lindsay,Mylta,1,3,TOP_5_PERCENT_ALERT
93496199701097062,0.0,63.14,459,Terry Jones,Mylta,1,3,TOP_5_PERCENT_ALERT
62877193708316818,0.0,63.12,460,Marc Griffin,Rozhok,1,1,TOP_5_PERCENT_ALERT
48772193111071928,0.0,63.11,461,Dorothy Willis,Sosnovka,1,1,TOP_5_PERCENT_ALERT
14237193812106259,0.0,63.1,462,Sidney Hellyer,Quarry,1,2,TOP_5_PERCENT_ALERT
69920200512045520,0.0,63.1,463,Thomas Jodway,Pochinki,1,1,TOP_5_PERCENT_ALERT
16115195612283415,0.0,63.07,464,Daniel Rison,Severny,1,3,TOP_5_PERCENT_ALERT
26151200307275336,0.0,63.07,465,Charles Herrera,Quarry,1,2,TOP_5_PERCENT_ALERT
52780198011128423,0.0,63.06,466,Leonard Fowler,Quarry,1,2,TOP_5_PERCENT_ALERT
25470195807272822,0.0,63.05,467,John Marinas,Gatka,1,1,TOP_5_PERCENT_ALERT
31298195403202638,0.0,63.05,468,Bo Parton,Novorepnoye,1,2,TOP_5_PERCENT_ALERT
56213199507051703,0.0,63.05,469,Bill Callahan,Quarry,1,2,TOP_5_PERCENT_ALERT
80350195201232313,0.0,63.04,470,Dale Paez,Kameshki,1,1,TOP_5_PERCENT_ALERT
87145198210252367,0.0,63.04,471,Rhonda Gillock,Georgopol,1,1,TOP_5_PERCENT_ALERT
98817196209169029,0.0,63.04,472,Gina Simonson,Pochinki,1,1,TOP_5_PERCENT_ALERT
34372196910129644,0.0,63.0,473,Scott Shipps,Gatka,1,1,TOP_5_PERCENT_ALERT
51445196501051086,0.0,63.0,474,Irene Anderson,Zharki,1,2,TOP_5_PERCENT_ALERT
80287198011017757,0.0,63.0,475,Teresa Watkins,Georgopol,1,1,TOP_5_PERCENT_ALERT
21660193002062378,0.0,62.99,476,Brandon Ervin,Pochinki,1,1,TOP_5_PERCENT_ALERT
20828194610158314,0.0,62.97,477,Lindsey Gonzalez,Quarry,1,2,TOP_5_PERCENT_ALERT
46656193211172692,0.0,62.97,478,Frank Rodriquez,Pochinki,1,1,TOP_5_PERCENT_ALERT
51805197612241568,0.0,62.96,479,Lydia Stowell,Stalber,1,3,TOP_5_PERCENT_ALERT
79405195604118486,0.0,62.95,480,Edward Mccullers,Mylta,1,3,TOP_5_PERCENT_ALERT
65606201212158954,0.0,62.93,481,Joe Johnson,Georgopol,1,1,TOP_5_PERCENT_ALERT
71671198611239425,0.0,62.9,482,Anthony Knox,Quarry,1,2,TOP_5_PERCENT_ALERT
48015197304185468,0.0,62.87,483,David Tapia,Yasnaya,1,3,TOP_5_PERCENT_ALERT
25251193107133628,0.0,62.86,484,Saul Caruso,Gatka,1,1,TOP_5_PERCENT_ALERT
47768200211236697,0.0,62.86,485,Philip Elliot,Primorsk,1,1,TOP_5_PERCENT_ALERT
15953199707079868,0.0,62.85,486,Susan Boeke,Severny,1,3,TOP_5_PERCENT_ALERT
57853201003036695,0.0,62.84,487,Jeremy Duquette,Pochinki,1,1,TOP_5_PERCENT_ALERT
84394193009153725,0.0,62.84,488,Carlos Maraldo,Gatka,1,1,TOP_5_PERCENT_ALERT
69222193505014481,0.0,62.83,489,Margot Hollenbach,Quarry,1,2,TOP_5_PERCENT_ALERT
86699194310248768,0.0,62.83,490,John Harris,Stalber,1,3,TOP_5_PERCENT_ALERT
53951200804145592,0.0,62.81,491,Faith Hall,Kameshki,1,1,TOP_5_PERCENT_ALERT
63813194911175052,0.0,62.8,492,Elsie Quinlan,Rozhok,1,1,TOP_5_PERCENT_ALERT
97331194104282137,0.0,62.8,493,Richard Spencer,Quarry,1,2,TOP_5_PERCENT_ALERT
85263196002128975,0.0,62.75,494,Armando Dow,Yasnaya,1,3,TOP_5_PERCENT_ALERT
40096199701171325,0.0,62.73,495,Archie Munos,Rozhok,1,1,TOP_5_PERCENT_ALERT
22153198709038618,0.0,62.7,496,Jessie Mitchell,Primorsk,1,1,TOP_5_PERCENT_ALERT
69029196004143211,0.0,62.65,497,Linda Nichols,Novorepnoye,1,2,TOP_5_PERCENT_ALERT
13581200002251577,0.0,62.63,498,Nancy Kotson,Primorsk,1,1,TOP_5_PERCENT_ALERT
42916198112114451,0.0,62.59,499,Rachel Hart,Severny,1,3,TOP_5_PERCENT_ALERT
63845198404025259,0.0,62.58,500,Maria Gibson,Sosnovka,1,1,TOP_5_PERCENT_ALERT
83523198302149640,0.0,62.58,501,Gary Planas,Zharki,1,2,TOP_5_PERCENT_ALERT
14960197406087877,0.0,62.56,502,Ruby Beaulieu,Rozhok,1,1,TOP_5_PERCENT_ALERT
27994198804013153,0.0,62.56,503,James Wehrenberg,Stalber,1,3,TOP_5_PERCENT_ALERT
56451193803293386,0.0,62.56,504,Norman Hall,Kameshki,1,1,TOP_5_PERCENT_ALERT
74240193209116920,0.0,62.56,505,David Craig,Novorepnoye,1,2,TOP_5_PERCENT_ALERT
85694197304203675,0.0,62.55,506,Peggy Blumenfeld,Sosnovka,1,1,TOP_5_PERCENT_ALERT
44495201601087334,0.0,62.53,507,Ruby Thompson,Rozhok,1,1,TOP_5_PERCENT_ALERT
52848197008304359,0.0,62.53,508,Enrique Hampton,Sosnovka,1,1,TOP_5_PERCENT_ALERT
84550200404172702,0.0,62.52,509,Nichole Schneider,Gatka,1,1,TOP_5_PERCENT_ALERT
86971201311073608,0.0,62.49,510,Theodore Bowers,Gatka,1,1,TOP_5_PERCENT_ALERT
74227196811151177,0.0,62.45,511,Michelle Johnson,Novorepnoye,1,2,TOP_5_PERCENT_ALERT
29646198912011925,0.0,62.43,512,Christopher Batey,Novorepnoye,1,2,TOP_5_PERCENT_ALERT
48021195608041243,0.0,62.43,513,Robert Jacques,Rozhok,1,1,TOP_5_PERCENT_ALERT
73225194712028798,0.0,62.43,514,Kyle Gardella,Primorsk,1,1,TOP_5_PERCENT_ALERT
46072200604302858,0.0,62.42,515,Charlotte Sullivan,Primorsk,1,1,TOP_5_PERCENT_ALERT
91069194801181001,0.0,62.42,516,Georgia Balder,Georgopol,1,1,TOP_5_PERCENT_ALERT
17106196608153350,0.0,62.41,517,Janis Herrera,Novorepnoye,1,2,TOP_5_PERCENT_ALERT
39281201710064275,0.0,62.4,518,Bridget John,Quarry,1,2,TOP_5_PERCENT_ALERT
11545201604022862,0.0,62.34,519,John Brown,Zharki,1,2,TOP_5_PERCENT_ALERT
53313194502288416,0.0,62.34,520,George Riddick,Lipovka,1,3,TOP_5_PERCENT_ALERT
11676196201218136,0.0,62.31,521,Michael Huff,Kameshki,1,1,TOP_5_PERCENT_ALERT
59735201203105310,0.0,62.31,522,Gladys Birnbaum,Sosnovka,1,1,TOP_5_PERCENT_ALERT
44606201112105624,0.0,62.28,523,Joseph Bolling,Kameshki,1,1,TOP_5_PERCENT_ALERT
97983193202234613,0.0,62.28,524,Stella Bailey,Sosnovka,1,1,TOP_5_PERCENT_ALERT
95269200512235493,0.0,62.27,525,Katherine Douglas,Primorsk,1,1,TOP_5_PERCENT_ALERT
71427196202134471,0.0,62.25,526,Michelle Matlock,Gatka,1,1,TOP_5_PERCENT_ALERT
63192196911093671,0.0,62.21,527,Sherryl Lingle,Zharki,1,2,TOP_5_PERCENT_ALERT
15874197808224132,0.0,62.2,528,Ilona Wolfe,Mylta,1,3,TOP_5_PERCENT_ALERT
21098195610289840,0.0,62.19,529,Mildred Brixey,Novorepnoye,1,2,TOP_5_PERCENT_ALERT
66390197604294725,0.0,62.17,530,Jason Hawkins,Quarry,1,2,TOP_5_PERCENT_ALERT
91022196404143917,0.0,62.16,531,Gene Raymond,Kameshki,1,1,TOP_5_PERCENT_ALERT
80769198312211937,0.0,62.14,532,Cheryl Knee,Primorsk,1,1,TOP_5_PERCENT_ALERT
80798198111187599,0.0,62.13,533,Mary Burks,Sosnovka,1,1,TOP_5_PERCENT_ALERT
87062198812177388,0.0,62.13,534,Vance Reeves,Novorepnoye,1,2,TOP_5_PERCENT_ALERT
58794199304177176,0.0,62.12,535,Mark Grimes,Zharki,1,2,TOP_5_PERCENT_ALERT
68957198706064325,0.0,62.1,536,Cheryl Petter,Georgopol,1,1,TOP_5_PERCENT_ALERT
78024200709245070,0.0,62.1,537,Betty Tennant,Primorsk,1,1,TOP_5_PERCENT_ALERT
83073199502175663,0.0,62.1,538,Claude Ogrady,Zharki,1,2,TOP_5_PERCENT_ALERT
57729200712319904,0.0,62.09,539,Charles Aslanian,Quarry,1,2,TOP_5_PERCENT_ALERT
39393193504274332,0.0,62.08,540,Aaron Kimmer,Pochinki,1,1,TOP_5_PERCENT_ALERT
82392193304194862,0.0,62.07,541,George Hay,Gatka,1,1,TOP_5_PERCENT_ALERT
72271199805097250,0.0,62.04,542,Jamie Jones,Quarry,1,2,TOP_5_PERCENT_ALERT
87376200008247533,0.0,62.04,543,William Harper,Primorsk,1,1,TOP_5_PERCENT_ALERT
45050198501263183,0.0,62.02,544,Fred Bender,Kameshki,1,1,TOP_5_PERCENT_ALERT
32722198607279297,0.0,62.01,545,Justin David,Pochinki,1,1,TOP_5_PERCENT_ALERT
53250194010081772,0.0,62.01,546,Jan Shoemake,Kameshki,1,1,TOP_5_PERCENT_ALERT
13127197909155055,0.0,61.97,547,Randy Nilsson,Yasnaya,1,3,TOP_5_PERCENT_ALERT
59440201908101040,0.0,61.97,548,Jeff Herrin,Primorsk,1,1,TOP_5_PERCENT_ALERT
61915196402083950,0.0,61.96,549,Elaine Todd,Lipovka,1,3,TOP_5_PERCENT_ALERT
31418200409264747,0.0,61.95,550,Tabatha James,Pochinki,1,1,TOP_5_PERCENT_ALERT
27654197411176990,0.0,61.93,551,Susann Stough,Rozhok,1,1,TOP_5_PERCENT_ALERT
53800194508285751,0.0,61.9,552,Cornelius Miller,Quarry,1,2,TOP_5_PERCENT_ALERT
40644195411085462,0.0,61.89,553,Cheryl Chacon,Primorsk,1,1,TOP_5_PERCENT_ALERT
73176198108265706,0.0,61.89,554,Johnny Cooper,Kameshki,1,1,TOP_5_PERCENT_ALERT
98322199203218840,0.0,61.88,555,Paula Galassi,Pochinki,1,1,TOP_5_PERCENT_ALERT
26327193208198549,0.0,61.81,556,Arthur Marino,Georgopol,1,1,TOP_5_PERCENT_ALERT
75502195206286615,0.0,61.81,557,Jennifer Ecker,Zharki,1,2,TOP_5_PERCENT_ALERT
30927193901062679,0.0,61.79,558,Sharon Deleon,Sosnovka,1,1,TOP_5_PERCENT_ALERT
99474201408034776,0.0,61.78,559,Giovanni Shay,Gatka,1,1,TOP_5_PERCENT_ALERT
26762197808197455,0.0,61.77,560,Thomas Mcdaniel,Severny,1,3,TOP_5_PERCENT_ALERT
43291197506234919,0.0,61.77,561,Tracey Myers,Gatka,1,1,TOP_5_PERCENT_ALERT
88455197312094946,0.0,61.77,562,Martha Taylor,Kameshki,1,1,TOP_5_PERCENT_ALERT
91570194904121751,0.0,61.77,563,Catherine Howard,Novorepnoye,1,2,TOP_5_PERCENT_ALERT
33771197703266564,0.0,61.76,564,Nadine Portugal,Novorepnoye,1,2,TOP_5_PERCENT_ALERT
49879201205031760,0.0,61.76,565,Shelley Akers,Zharki,1,2,TOP_5_PERCENT_ALERT
74327196002114487,0.0,61.73,566,Joseph Throgmorton,Kameshki,1,1,TOP_5_PERCENT_ALERT
91781199005047761,0.0,61.73,567,Randell Mccafferty,Stalber,1,3,TOP_5_PERCENT_ALERT
45180197007243743,0.0,61.71,568,Odessa Stowell,Gatka,1,1,TOP_5_PERCENT_ALERT
27278197301224080,0.0,61.67,569,William Brown,Georgopol,1,1,TOP_5_PERCENT_ALERT
13999201908084901,0.0,61.66,570,Anthony Clemens,Mylta,1,3,TOP_5_PERCENT_ALERT
93847199509233905,0.0,61.66,571,Joseph White,Georgopol,1,1,TOP_5_PERCENT_ALERT
49606200103134575,0.0,61.64,572,Jason Mann,Gatka,1,1,TOP_5_PERCENT_ALERT
63133198612079091,0.0,61.64,573,Patricia Magano,Sosnovka,1,1,TOP_5_PERCENT_ALERT
41482198209179643,0.0,61.62,574,Samantha Lowry,Sosnovka,1,1,TOP_5_PERCENT_ALERT
54424201303079912,0.0,61.59,575,Agustin Hicks,Primorsk,1,1,TOP_5_PERCENT_ALERT
20810201210255482,0.0,61.58,576,Cindy Montes,Georgopol,1,1,TOP_5_PERCENT_ALERT
76141195601193547,0.0,61.56,577,Gerald Grey,Severny,1,3,TOP_5_PERCENT_ALERT
27843197310133964,0.0,61.55,578,Mike Hall,Severny,1,3,TOP_5_PERCENT_ALERT
39570200902059140,0.0,61.53,579,Dorothy Ballard,Quarry,1,2,TOP_5_PERCENT_ALERT
81473194211034121,0.0,61.51,580,Deborah Hong,Primorsk,1,1,TOP_5_PERCENT_ALERT
25928194711117816,0.0,61.5,581,Tina Limbo,Georgopol,1,1,TOP_5_PERCENT_ALERT
52041196608065162,0.0,61.41,582,Maria Sanders,Gatka,1,1,TOP_5_PERCENT_ALERT
57114196208193346,0.0,61.41,583,Lillian Daniels,Novorepnoye,1,2,TOP_5_PERCENT_ALERT
68667196901212660,0.0,61.39,584,David Juhasz,Pochinki,1,1,TOP_5_PERCENT_ALERT
95886193601163861,0.0,61.39,585,Cindy Best,Quarry,1,2,TOP_5_PERCENT_ALERT
38156197212096617,0.0,61.38,586,William Brown,Pochinki,1,1,TOP_5_PERCENT_ALERT
54781198308207463,0.0,61.36,587,Gene Matt,Kameshki,1,1,TOP_5_PERCENT_ALERT
18326201008011679,0.0,61.35,588,Dayna Jones,Gatka,1,1,TOP_5_PERCENT_ALERT
98272199108135796,0.0,61.35,589,Frances Schippers,Quarry,1,2,TOP_5_PERCENT_ALERT
13301200601258485,0.0,61.34,590,Carroll Nelson,Zharki,1,2,TOP_5_PERCENT_ALERT
17869194510074530,0.0,61.34,591,John Chavez,Gatka,1,1,TOP_5_PERCENT_ALERT
86274199312269010,0.0,61.27,592,John Palmer,Sosnovka,1,1,TOP_5_PERCENT_ALERT
63620193003156704,0.0,61.25,593,Virgil Mccollough,Rozhok,1,1,TOP_5_PERCENT_ALERT
52838199803058467,0.0,61.24,594,Tyree Kimmes,Georgopol,1,1,TOP_5_PERCENT_ALERT
69846199608196161,0.0,61.23,595,Sean Elias,Gatka,1,1,TOP_5_PERCENT_ALERT
58290198908038905,0.0,61.17,596,Robert Isbell,Mylta,1,3,TOP_5_PERCENT_ALERT
64821197210166735,0.0,61.17,597,William Moore,Sosnovka,1,1,TOP_5_PERCENT_ALERT
12231194310081771,0.0,61.16,598,Timothy Faust,Primorsk,1,1,TOP_5_PERCENT_ALERT
17619201610131443,0.0,61.16,599,Genevieve Hunt,Pochinki,1,1,TOP_5_PERCENT_ALERT
44530200201287462,0.0,61.15,600,Evelyn Morris,Georgopol,1,1,TOP_5_PERCENT_ALERT
88788195009077374,0.0,61.13,601,Carol Mayhugh,Quarry,1,2,TOP_5_PERCENT_ALERT
70217196911255957,0.0,61.12,602,Steven Coleman,Gatka,1,1,TOP_5_PERCENT_ALERT
58019199202164886,0.0,61.11,603,Viola Soto,Gatka,1,1,TOP_5_PERCENT_ALERT
41670198510248084,0.0,61.1,604,Dennis Mccampbell,Primorsk,1,1,TOP_5_PERCENT_ALERT
78007197203193906,0.0,61.1,605,Elizabeth Parker,Kameshki,1,1,TOP_5_PERCENT_ALERT
50028197301186357,0.0,61.09,606,Lora Bresler,Sosnovka,1,1,TOP_5_PERCENT_ALERT
64493201607095051,0.0,61.09,607,Heath Jones,Kameshki,1,1,TOP_5_PERCENT_ALERT
18822200009054839,0.0,61.08,608,Doug Carter,Sosnovka,1,1,TOP_5_PERCENT_ALERT
91210195701031000,0.0,61.07,609,Marion Vasques,Novorepnoye,1,2,TOP_5_PERCENT_ALERT
80136197803288061,0.0,61.05,610,Dan Armstrong,Quarry,1,2,TOP_5_PERCENT_ALERT
70084194212202775,0.0,61.01,611,Richard Longbrake,Primorsk,1,1,TOP_5_PERCENT_ALERT
